{
  "hash": "e006babd",
  "configHash": "3d759a9e",
  "lockfileHash": "c002503d",
  "browserHash": "6c61d81e",
  "optimized": {
    "@angular/core": {
      "src": "../../../../../../node_modules/@angular/core/fesm2022/core.mjs",
      "file": "@angular_core.js",
      "fileHash": "42efdf10",
      "needsInterop": false
    },
    "@angular/platform-browser": {
      "src": "../../../../../../node_modules/@angular/platform-browser/fesm2022/platform-browser.mjs",
      "file": "@angular_platform-browser.js",
      "fileHash": "0c13f78c",
      "needsInterop": false
    },
    "@angular/router": {
      "src": "../../../../../../node_modules/@angular/router/fesm2022/router.mjs",
      "file": "@angular_router.js",
      "fileHash": "d8694c02",
      "needsInterop": false
    },
    "@angular/forms": {
      "src": "../../../../../../node_modules/@angular/forms/fesm2022/forms.mjs",
      "file": "@angular_forms.js",
      "fileHash": "8998f8e4",
      "needsInterop": false
    },
    "@angular/common/http": {
      "src": "../../../../../../node_modules/@angular/common/fesm2022/http.mjs",
      "file": "@angular_common_http.js",
      "fileHash": "d0d879d1",
      "needsInterop": false
    },
    "jwt-decode": {
      "src": "../../../../../../node_modules/jwt-decode/build/esm/index.js",
      "file": "jwt-decode.js",
      "fileHash": "59a4c710",
      "needsInterop": false
    },
    "tslib": {
      "src": "../../../../../../node_modules/tslib/tslib.es6.mjs",
      "file": "tslib.js",
      "fileHash": "445317fe",
      "needsInterop": false
    },
    "@angular/common": {
      "src": "../../../../../../node_modules/@angular/common/fesm2022/common.mjs",
      "file": "@angular_common.js",
      "fileHash": "cd6f6a7c",
      "needsInterop": false
    }
  },
  "chunks": {
    "chunk-J6G743JD": {
      "file": "chunk-J6G743JD.js"
    },
    "chunk-VB6KY5OZ": {
      "file": "chunk-VB6KY5OZ.js"
    },
    "chunk-SUNPXUMZ": {
      "file": "chunk-SUNPXUMZ.js"
    },
    "chunk-PEAEPGOC": {
      "file": "chunk-PEAEPGOC.js"
    },
    "chunk-FKQ2FV3W": {
      "file": "chunk-FKQ2FV3W.js"
    },
    "chunk-HM5YLMWO": {
      "file": "chunk-HM5YLMWO.js"
    },
    "chunk-WDMUDEB6": {
      "file": "chunk-WDMUDEB6.js"
    }
  }
}