{
  "hash": "b76b677e",
  "configHash": "9295287b",
  "lockfileHash": "f29dbb12",
  "browserHash": "cce476e2",
  "optimized": {
    "@angular/common": {
      "src": "../../../../../../node_modules/@angular/common/fesm2022/common.mjs",
      "file": "@angular_common.js",
      "fileHash": "7139a196",
      "needsInterop": false
    },
    "@angular/common/http": {
      "src": "../../../../../../node_modules/@angular/common/fesm2022/http.mjs",
      "file": "@angular_common_http.js",
      "fileHash": "413b6039",
      "needsInterop": false
    },
    "@angular/core": {
      "src": "../../../../../../node_modules/@angular/core/fesm2022/core.mjs",
      "file": "@angular_core.js",
      "fileHash": "6d9ae410",
      "needsInterop": false
    },
    "@angular/forms": {
      "src": "../../../../../../node_modules/@angular/forms/fesm2022/forms.mjs",
      "file": "@angular_forms.js",
      "fileHash": "71909a22",
      "needsInterop": false
    },
    "@angular/platform-browser": {
      "src": "../../../../../../node_modules/@angular/platform-browser/fesm2022/platform-browser.mjs",
      "file": "@angular_platform-browser.js",
      "fileHash": "4e7e8e7f",
      "needsInterop": false
    },
    "@angular/router": {
      "src": "../../../../../../node_modules/@angular/router/fesm2022/router.mjs",
      "file": "@angular_router.js",
      "fileHash": "b1b98624",
      "needsInterop": false
    },
    "jwt-decode": {
      "src": "../../../../../../node_modules/jwt-decode/build/esm/index.js",
      "file": "jwt-decode.js",
      "fileHash": "5a739dc2",
      "needsInterop": false
    },
    "rxjs": {
      "src": "../../../../../../node_modules/rxjs/dist/esm5/index.js",
      "file": "rxjs.js",
      "fileHash": "dde81a41",
      "needsInterop": false
    },
    "rxjs/operators": {
      "src": "../../../../../../node_modules/rxjs/dist/esm5/operators/index.js",
      "file": "rxjs_operators.js",
      "fileHash": "487aaf9e",
      "needsInterop": false
    },
    "sweetalert2": {
      "src": "../../../../../../node_modules/sweetalert2/dist/sweetalert2.esm.all.js",
      "file": "sweetalert2.js",
      "fileHash": "68e035c6",
      "needsInterop": false
    },
    "tslib": {
      "src": "../../../../../../node_modules/tslib/tslib.es6.mjs",
      "file": "tslib.js",
      "fileHash": "f47978c6",
      "needsInterop": false
    }
  },
  "chunks": {
    "chunk-YOAIF5TB": {
      "file": "chunk-YOAIF5TB.js"
    },
    "chunk-HCLR4JMY": {
      "file": "chunk-HCLR4JMY.js"
    },
    "chunk-LZT3YA2Q": {
      "file": "chunk-LZT3YA2Q.js"
    },
    "chunk-5LJPQEM5": {
      "file": "chunk-5LJPQEM5.js"
    },
    "chunk-EIP5WKTM": {
      "file": "chunk-EIP5WKTM.js"
    },
    "chunk-5KXDAEEK": {
      "file": "chunk-5KXDAEEK.js"
    },
    "chunk-VMI3K6GE": {
      "file": "chunk-VMI3K6GE.js"
    },
    "chunk-WD6C567C": {
      "file": "chunk-WD6C567C.js"
    },
    "chunk-HM5YLMWO": {
      "file": "chunk-HM5YLMWO.js"
    },
    "chunk-WDMUDEB6": {
      "file": "chunk-WDMUDEB6.js"
    }
  }
}